Temperature [K],Voltage [V],Resistance [ğ›€],Current Source [A],Electric Field [V/cm],Restivity [ğ›€ cm],Current Density [A/cm2]
90.019745481553,0.9746018214,32486.727379999997,3e-05,57.7712994309425,33025.92617468879,0.0017492711370262393
85.0255435338452,1.691992999,56399.76663333333,3e-05,100.29596911677534,57335.862345089896,0.0017492711370262393
80.12779868739737,3.192828472,106427.61573333332,3e-05,189.26072744516895,108194.04918948824,0.0017492711370262393
76.82845245223719,4.439218658,147973.95526666666,3e-05,263.14277759336096,150429.95452420466,0.0017492711370262393
76.82410814930458,4.6612465610000005,155374.88536666668,3e-05,276.30388624777714,157953.7216383126,0.0017492711370262393
