Temperature [K],Voltage [V],Resistance [ğ›€],Current Source [A],Electric Field [V/cm],Resistivity [ğ›€ cm],Current Density [A/cm2]
89.23323482732198,6.299812338,17999463.82285714,3.5e-07,209.64433737104824,18382813.46833563,1.140436624307592e-05
